Patient_ID,Age,Gender,BMI,Glucose_Level,Blood_Pressure,Insulin,Diabetes
P001,25,Male,22.5,90,80,85,No
P002,45,Female,28.4,140,85,130,Yes
P003,35,Male,26.2,120,82,110,No
P004,50,Female,31.5,160,90,180,Yes
P005,30,Male,24.8,100,78,95,No
P006,55,Female,33.2,170,92,200,Yes
P007,40,Male,29.5,135,88,150,Yes
P008,28,Female,23.5,95,75,90,No
P009,60,Male,35.8,180,95,220,Yes
P010,38,Female,27.5,125,84,120,No
P011,42,Male,30.1,145,87,160,Yes
P012,26,Female,21.8,88,76,80,No
P013,48,Male,32.4,155,91,190,Yes
P014,34,Female,25.5,115,80,105,No
P015,52,Male,34,165,93,210,Yes
P016,29,Female,24,98,77,92,No
P017,46,Male,30.8,150,89,170,Yes
P018,37,Female,26.8,118,83,115,No
P019,58,Male,36.5,185,96,230,Yes
P020,31,Female,23.9,102,79,100,No
P021,49,Male,33.5,158,90,195,Yes
P022,27,Female,22.7,92,75,88,No
P023,43,Male,29.8,138,86,145,Yes
P024,36,Female,26,110,81,108,No
P025,54,Male,35.2,175,94,215,Yes
P026,32,Female,24.5,105,78,102,No
P027,47,Male,31.7,152,88,175,Yes
P028,39,Female,28,130,85,135,No
P029,62,Male,37.5,190,98,240,Yes
P030,24,Female,21.5,85,74,75,No
P031,51,Male,34.8,168,92,205,Yes
P032,33,Female,25.2,112,80,110,No
P033,44,Male,30.5,142,87,155,Yes
P034,28,Female,23,94,76,85,No
P035,57,Male,36,182,96,225,Yes
P036,41,Female,29,135,86,140,Yes
P037,35,Male,26.5,118,82,112,No
P038,53,Female,34.5,170,93,210,Yes
P039,30,Male,24.2,101,78,98,No
P040,59,Female,37,188,97,235,Yes
P041,45,Male,31,148,89,165,Yes
P042,27,Female,22.2,90,75,82,No
P043,50,Male,33.8,160,91,200,Yes
P044,38,Female,27.2,122,84,118,No
P045,61,Male,36.8,185,97,230,Yes
P046,29,Female,23.8,97,77,90,No
P047,56,Male,35.5,172,94,215,Yes
P048,40,Female,28.6,132,85,138,No
P049,52,Male,34.2,165,92,205,Yes
P050,31,Female,24.7,108,79,105,No
